"Disease_ID","Crop","Class_Name","Image_Count"
"KA-001","Bitter_Gourd","Anthracnose","410"
"KA-002","Bitter_Gourd","Downey Mildew","472"
"KA-003","Bitter_Gourd","Healthy","501"
"KA-004","Brinjal","Healthy_Leaves","400"
"KA-005","Brinjal","Little_Leaf","200"
"KA-006","Brinjal","Phomopsis_Blight","250"
"KA-007","Chilli","cerocospora","899"
"KA-008","Chilli","healthy","329"
"KA-009","Chilli","murda complex","275"
"KA-010","Chilli","nutritional deficiency","267"
"KA-011","Chilli","powdery mildew","162"
"KA-012","Cotton","Alternaria Leaf Spot","173"
"KA-013","Cotton","Bacterial Blight","218"
"KA-014","Cotton","Fusarium Wilt","337"
"KA-015","Cotton","Healthy Leaf","333"
"KA-016","Cotton","Verticillium Wilt","312"
"KA-017","Groundnut","early_leaf_spot","1731"
"KA-018","Groundnut","early_rust","1474"
"KA-019","Groundnut","healthy_leaf","1871"
"KA-020","Groundnut","late_leaf_spot","1896"
"KA-021","Groundnut","nutrition_deficiency","1665"
"KA-022","Groundnut","rust","1724"
"KA-023","Maize","Corn_(maize)___Cercospora_leaf_spot Gray_leaf_spot","513"
"KA-024","Maize","Corn_(maize)___Common_rust_","1192"
"KA-025","Maize","Corn_(maize)___healthy","1162"
"KA-026","Maize","Corn_(maize)___Northern_Leaf_Blight","985"
"KA-027","Onion","healthy","426"
"KA-028","Onion","Iris yellow virus","282"
"KA-029","Onion","purple blotch","18"
"KA-030","Onion","Stemphylium leaf blight and collectrichum leaf blight","90"
"KA-031","Potato","Potato___Early_blight","1000"
"KA-032","Potato","Potato___healthy","152"
"KA-033","Potato","Potato___Late_blight","1000"
"KA-034","Pumpkin","Downey Mildew","512"
"KA-035","Pumpkin","Healthy","535"
"KA-036","Rice","Bacterialblight","1584"
"KA-037","Rice","Blast","1440"
"KA-038","Rice","Brownspot","1600"
"KA-039","Rice","Tungro","1308"
"KA-040","Ridge_Gourd","Downey Mildew","548"
"KA-041","Ridge_Gourd","Healthy","508"
"KA-042","Sugarcane","Healthy","522"
"KA-043","Sugarcane","Mosaic","462"
"KA-044","Sugarcane","RedRot","518"
"KA-045","Sugarcane","Rust","514"
"KA-046","Sugarcane","Yellow","505"
"KA-047","Tomato","Tomato___Bacterial_spot","2127"
"KA-048","Tomato","Tomato___Early_blight","1000"
"KA-049","Tomato","Tomato___healthy","1591"
"KA-050","Tomato","Tomato___Late_blight","1909"
"KA-051","Tomato","Tomato___Leaf_Mold","952"
"KA-052","Tomato","Tomato___Septoria_leaf_spot","1771"
"KA-053","Tomato","Tomato___Target_Spot","1404"
"KA-054","Tomato","Tomato___Tomato_mosaic_virus","373"
"KA-055","Tomato","Tomato___Tomato_Yellow_Leaf_Curl_Virus","5357"
