"Disease_ID","Crop","Class_Name","Disease_Name","Scientific_Name","Symptoms","Management","Treatment","Prevention","Severity","Source"
"KA-001","Bitter_Gourd","Anthracnose","Anthracnose","Colletotrichum spp.","Sunken brown or black lesions may appear on leaves, stems or fruit; lesions can enlarge under humid conditions.","Remove infected plant material; improve airflow; avoid prolonged leaf wetness; use clean planting material.","Use a fungicide or biological product specifically registered or labelled for the crop and anthracnose; follow the current local product label.","Use healthy seed or planting material; maintain sanitation, crop rotation and good canopy ventilation.","Reference guidance; confirm field severity","ICAR/TNAU"
"KA-002","Bitter_Gourd","Downey Mildew","Downy Mildew","Oomycete pathogens","Yellow to pale angular leaf spots; gray or purplish growth may develop on leaf undersides during humid conditions.","Improve ventilation; reduce leaf wetness; avoid overhead irrigation where practical; remove severely affected leaves.","Use a locally registered downy-mildew treatment when warranted and follow the product label.","Use healthy planting material, adequate spacing, sanitation and irrigation practices that reduce prolonged leaf wetness.","Reference guidance; confirm field severity","ICAR/TNAU"
"KA-003","Bitter_Gourd","Healthy","Healthy","—","No characteristic disease symptoms are represented by this healthy class.","Maintain balanced nutrition, irrigation, sanitation and regular crop scouting.","No disease treatment is indicated from this class alone.","Use healthy planting material and maintain integrated crop management.","Reference guidance; confirm field severity","ICAR/TNAU"
"KA-004","Brinjal","Healthy_Leaves","Healthy Leaves","—","Leaves appear healthy without characteristic disease symptoms.","Maintain balanced nutrition, irrigation, sanitation and regular scouting.","No disease treatment is indicated from this class alone.","Use healthy planting material and maintain integrated crop management.","Reference guidance; confirm field severity","ICAR/TNAU"
"KA-005","Brinjal","Little_Leaf","Little Leaf","Phytoplasma-associated disease","Very small leaves, shortened internodes, excessive branching and poorly developed flowers may occur.","Remove and destroy affected plants; manage insect vectors and alternate weed hosts.","There is no reliable curative treatment for an infected plant; vector management should follow local recommendations.","Use healthy seedlings and manage vector populations and weeds.","Reference guidance; confirm field severity","ICAR/TNAU"
"KA-006","Brinjal","Phomopsis_Blight","Phomopsis Blight","Phomopsis/Diaporthe spp.","Dark lesions may develop on leaves and stems; affected tissues can develop expanding brown lesions.","Remove infected debris; improve drainage and airflow; avoid prolonged leaf wetness.","Use a fungicide labelled for the crop and disease when warranted; follow the product label.","Use healthy planting material, sanitation and crop rotation.","Reference guidance; confirm field severity","ICAR/TNAU"
"KA-007","Chilli","cerocospora","Cercospora Leaf Spot","Cercospora spp.","Small circular or irregular leaf spots that may become tan or brown with darker margins.","Remove severely infected foliage; improve airflow; manage weeds and prolonged leaf wetness.","Use a locally registered fungicide for Cercospora leaf spot when required and follow the label.","Use sanitation, crop rotation and balanced fertilization.","Reference guidance; confirm field severity","ICAR/TNAU"
"KA-008","Chilli","healthy","Healthy","—","No characteristic disease symptoms are represented by this healthy class.","Maintain balanced nutrition, irrigation, sanitation and regular crop scouting.","No disease treatment is indicated from this class alone.","Use healthy planting material and maintain integrated crop management.","Reference guidance; confirm field severity","ICAR/TNAU"
"KA-009","Chilli","murda complex","Murda Complex","Multiple factors; field diagnosis required","Leaf curling or crinkling, stunting, shortened internodes and general plant decline may occur; symptoms can overlap among different causes.","Remove severely affected plants; inspect for mites, thrips or whiteflies; correct confirmed nutritional problems and maintain sanitation.","There is no single curative treatment for a complex condition; manage the confirmed cause and insect vectors using locally registered recommendations.","Use healthy seedlings, monitor vectors, maintain balanced nutrition and remove affected plants early.","Reference guidance; confirm field severity","ICAR/TNAU"
"KA-010","Chilli","nutritional deficiency","Nutritional Deficiency","Nutrient imbalance","Chlorosis, discoloration, poor growth or interveinal and marginal symptoms may occur depending on the nutrient involved.","Confirm the suspected deficiency with soil or plant testing where possible; correct the identified nutrient without excessive fertilization.","Apply the confirmed nutrient source according to local soil-test and crop recommendations.","Use soil testing, balanced fertilization and proper irrigation.","Reference guidance; confirm field severity","ICAR/TNAU"
"KA-011","Chilli","powdery mildew","Powdery Mildew","Powdery mildew fungi","White powdery growth can appear on leaf surfaces; affected leaves may yellow, curl or dry.","Improve airflow; remove heavily affected tissue; avoid excessively dense canopies and excessive nitrogen.","Use a fungicide specifically labelled for powdery mildew on chilli when warranted; follow the current product label.","Use tolerant varieties where available, adequate spacing and good sanitation.","Reference guidance; confirm field severity","ICAR/TNAU"
"KA-012","Cotton","Alternaria Leaf Spot","Alternaria Leaf Spot","Alternaria spp.","Small brown to dark leaf spots may develop and enlarge; older leaves can show yellowing and premature defoliation.","Remove severely infected plant debris; improve field sanitation and airflow; avoid prolonged leaf wetness; maintain balanced nutrition.","Use a fungicide specifically registered and labelled for Alternaria leaf spot on cotton when warranted; follow the current product label.","Use healthy planting material, field sanitation, appropriate spacing and crop rotation where practical.","Reference guidance; confirm field severity","ICAR/TNAU"
"KA-013","Cotton","Bacterial Blight","Bacterial Blight","Xanthomonas spp.","Water-soaked or angular leaf lesions may develop, followed by darkening or necrosis; lesions can occur on stems, petioles and bolls.","Use clean planting material; remove heavily affected debris; avoid unnecessary movement through wet crops; maintain field sanitation.","Use only a currently registered and labelled bactericide/copper-based treatment where recommended locally; follow the product label.","Use resistant or tolerant varieties where available, clean seed, crop sanitation and suitable crop rotation.","Reference guidance; confirm field severity","ICAR/TNAU"
"KA-014","Cotton","Fusarium Wilt","Fusarium Wilt","Fusarium spp.","Plants may show yellowing, wilting and stunting; vascular discoloration may occur and severely affected plants can die.","Remove severely affected plants where practical; maintain field sanitation; improve drainage; avoid moving contaminated soil between fields.","There is no reliable curative treatment for severely infected plants; use locally recommended integrated management and resistant varieties where available.","Use resistant or tolerant varieties, healthy planting material, crop rotation and good soil management.","Reference guidance; confirm field severity","ICAR/TNAU"
"KA-015","Cotton","Healthy Leaf","Healthy Leaf","—","Leaves appear healthy without characteristic disease symptoms represented by this class.","Maintain balanced nutrition, irrigation, sanitation and regular crop scouting.","No disease treatment is indicated from this class alone.","Use healthy planting material and maintain integrated crop management.","Reference guidance; confirm field severity","ICAR/TNAU"
"KA-016","Cotton","Verticillium Wilt","Verticillium Wilt","Verticillium spp.","Leaves may develop yellowing, interveinal chlorosis and wilting; vascular discoloration can occur and plant growth may be reduced.","Remove severely affected plants where practical; maintain sanitation; avoid movement of contaminated soil; use appropriate crop rotation.","There is no reliable curative treatment for infected plants; management should focus on resistant varieties and cultural practices.","Use resistant or tolerant varieties where available, healthy planting material, sanitation and crop rotation.","Reference guidance; confirm field severity","ICAR/TNAU"
"KA-017","Groundnut","early_leaf_spot","Early Leaf Spot","Cercospora arachidicola","Small brown to reddish-brown spots develop on leaves, often with a yellow halo; severe infection can cause premature leaf loss.","Use clean seed; maintain field sanitation; reduce prolonged leaf wetness where practical; monitor the crop regularly.","Use a fungicide registered and labelled for groundnut leaf spot when disease pressure warrants treatment; follow the current product label.","Use healthy seed, crop rotation, field sanitation and timely disease monitoring.","Reference guidance; confirm field severity","ICAR/TNAU"
"KA-018","Groundnut","early_rust","Early Rust","Puccinia arachidis","Small orange to reddish-brown rust pustules may develop mainly on leaf undersides; severe infection can cause yellowing and premature defoliation.","Monitor regularly; maintain field sanitation; reduce conditions that favour prolonged leaf wetness where practical.","Use a locally registered fungicide labelled for groundnut rust when warranted; follow the current product label.","Use healthy seed, resistant or tolerant varieties where available, sanitation and timely crop monitoring.","Reference guidance; confirm field severity","ICAR/TNAU"
"KA-019","Groundnut","healthy_leaf","Healthy Leaf","—","Leaves appear healthy without characteristic disease symptoms represented by this class.","Maintain balanced nutrition, irrigation, sanitation and regular crop scouting.","No disease treatment is indicated from this class alone.","Use healthy planting material and maintain integrated crop management.","Reference guidance; confirm field severity","ICAR/TNAU"
"KA-020","Groundnut","late_leaf_spot","Late Leaf Spot","Nothopassalora personata","Dark brown to nearly black leaf spots develop, often with little or no yellow halo; severe infection causes premature defoliation.","Monitor the crop regularly; maintain field sanitation; use appropriate crop rotation and reduce prolonged leaf wetness where practical.","Use a fungicide registered and labelled for late leaf spot of groundnut when warranted; follow the current product label.","Use healthy seed, crop rotation, sanitation and timely disease monitoring.","Reference guidance; confirm field severity","ICAR/TNAU"
"KA-021","Groundnut","nutrition_deficiency","Nutritional Deficiency","Nutrient imbalance","Yellowing, discoloration, poor growth or marginal and interveinal symptoms may occur depending on the nutrient involved.","Confirm the suspected deficiency with soil or plant testing where possible; correct the identified nutrient without excessive fertilization.","Apply the confirmed nutrient source according to local soil-test and crop recommendations.","Use soil testing, balanced fertilization, proper irrigation and appropriate nutrient management.","Reference guidance; confirm field severity","ICAR/TNAU"
"KA-022","Groundnut","rust","Rust","Puccinia arachidis","Orange to reddish-brown rust pustules may appear on leaves; severe infection can cause yellowing, defoliation and reduced plant vigour.","Monitor regularly; maintain field sanitation; reduce prolonged leaf wetness where practical; manage the crop according to local disease advisories.","Use a locally registered fungicide labelled for groundnut rust when warranted; follow the current product label.","Use healthy seed, resistant or tolerant varieties where available, sanitation and timely crop monitoring.","Reference guidance; confirm field severity","ICAR/TNAU"
"KA-023","Maize","Corn_(maize)___Cercospora_leaf_spot Gray_leaf_spot","Gray Leaf Spot","Cercospora zeae-maydis complex","Small pale or tan lesions develop on maize leaves and can expand into long rectangular gray to brown lesions; severe infection can reduce green leaf area.","Monitor the crop regularly; improve field sanitation; manage volunteer maize and crop residue appropriately; reduce prolonged leaf wetness where practical.","Use a fungicide specifically registered and labelled for gray leaf spot of maize when warranted; follow the current product label.","Use resistant or tolerant hybrids where available, crop rotation, field sanitation and timely disease monitoring.","Reference guidance; confirm field severity","ICAR/TNAU"
"KA-024","Maize","Corn_(maize)___Common_rust_","Common Rust","Puccinia sorghi","Small reddish-brown to cinnamon-colored rust pustules develop on maize leaves; severe infection can cause premature leaf drying.","Monitor regularly; maintain appropriate crop nutrition and field sanitation; use resistant or tolerant hybrids where available.","Use a fungicide registered and labelled for common rust of maize when disease pressure warrants treatment; follow the current product label.","Use resistant or tolerant hybrids, timely planting where locally recommended, sanitation and regular scouting.","Reference guidance; confirm field severity","ICAR/TNAU"
"KA-025","Maize","Corn_(maize)___healthy","Healthy","—","Leaves appear healthy without characteristic disease symptoms represented by this class.","Maintain balanced nutrition, irrigation, sanitation and regular crop scouting.","No disease treatment is indicated from this class alone.","Use healthy planting material and maintain integrated crop management.","Reference guidance; confirm field severity","ICAR/TNAU"
"KA-026","Maize","Corn_(maize)___Northern_Leaf_Blight","Northern Leaf Blight","Exserohilum turcicum","Long, elliptical, gray-green to tan lesions develop on maize leaves and may enlarge rapidly under favourable conditions.","Monitor regularly; manage crop residue and volunteer maize; improve field sanitation and use appropriate crop rotation.","Use a fungicide specifically registered and labelled for northern leaf blight of maize when warranted; follow the current product label.","Use resistant or tolerant hybrids, crop rotation, field sanitation and timely disease monitoring.","Reference guidance; confirm field severity","ICAR/TNAU"
"KA-027","Onion","healthy","Healthy","—","Onion leaves appear healthy without characteristic disease symptoms represented by this class.","Maintain balanced nutrition, irrigation, sanitation and regular crop scouting.","No disease treatment is indicated from this class alone.","Use healthy planting material and maintain integrated crop management.","Reference guidance; confirm field severity","ICAR/TNAU"
"KA-028","Onion","Iris yellow virus","Iris Yellow Spot Virus Disease","Iris yellow spot virus (IYSV)","Leaves may develop elongated straw-colored or tan lesions, often with green centers; severe infection can cause leaf dieback and reduced bulb development.","Remove severely affected plants and volunteer onions; manage thrips vectors according to local integrated pest-management recommendations; maintain field sanitation.","There is no reliable curative treatment for virus-infected plants; management should focus on vector control and removal of infected sources.","Use healthy planting material, monitor and manage thrips vectors, remove volunteer plants and maintain field sanitation.","Reference guidance; confirm field severity","ICAR/TNAU"
"KA-029","Onion","purple blotch","Purple Blotch","Alternaria porri","Small whitish lesions with purple centers develop on onion leaves and enlarge into elongated purple-brown lesions; severe infection can cause leaf dieback.","Improve field airflow; avoid prolonged leaf wetness; remove infected debris; maintain balanced nutrition and regular disease monitoring.","Use a fungicide registered and labelled for purple blotch of onion when warranted; follow the current product label.","Use healthy planting material, sanitation, appropriate spacing, crop rotation and irrigation practices that reduce prolonged leaf wetness.","Reference guidance; confirm field severity","ICAR/TNAU"
"KA-030","Onion","Stemphylium leaf blight and collectrichum leaf blight","Stemphylium Leaf Blight / Anthracnose Leaf Blight","Stemphylium vesicarium / Colletotrichum spp.","Small yellow to brown lesions may develop on onion leaves and enlarge into elongated or dark lesions; severe infection can cause extensive leaf blighting.","Remove infected crop debris; improve airflow; avoid prolonged leaf wetness; maintain field sanitation and monitor the crop regularly.","Use a fungicide specifically registered and labelled for the diagnosed disease on onion when warranted; follow the current product label.","Use healthy planting material, field sanitation, appropriate spacing, crop rotation and irrigation practices that reduce prolonged leaf wetness.","Reference guidance; confirm field severity","ICAR/TNAU"
"KA-031","Potato","Potato___Early_blight","Early Blight","Alternaria solani","Brown to dark lesions develop on older potato leaves, often showing concentric ring patterns; affected leaves may yellow and dry.","Remove severely infected leaves and crop debris; improve airflow; avoid prolonged leaf wetness; maintain field sanitation and appropriate crop rotation.","Use a fungicide specifically registered and labelled for early blight of potato when warranted; follow the current product label.","Use healthy seed tubers, crop rotation, field sanitation, appropriate spacing and irrigation practices that reduce prolonged leaf wetness.","Reference guidance; confirm field severity","ICAR/TNAU"
"KA-032","Potato","Potato___healthy","Healthy","—","Plants appear healthy without characteristic disease symptoms represented by this class.","Maintain balanced nutrition, irrigation, sanitation and regular crop scouting.","No disease treatment is indicated from this class alone.","Use healthy seed tubers and maintain integrated crop management.","Reference guidance; confirm field severity","ICAR/TNAU"
"KA-033","Potato","Potato___Late_blight","Late Blight","Phytophthora infestans","Water-soaked pale to dark lesions may develop on leaves and expand rapidly; white fungal-like growth may occur under humid conditions and stems or tubers can also be affected.","Monitor frequently; remove severely infected foliage where practical; improve airflow; avoid prolonged leaf wetness; manage infected crop debris and volunteer potatoes.","Use a fungicide specifically registered and labelled for late blight of potato when warranted; follow the current product label and local disease advisory.","Use certified healthy seed tubers, resistant or tolerant varieties where available, field sanitation, crop rotation and timely disease monitoring.","Reference guidance; confirm field severity","ICAR/TNAU"
"KA-034","Pumpkin","Downey Mildew","Downy Mildew","Pseudoperonospora spp.","Yellow to pale angular leaf spots may develop and enlarge; gray to purplish growth may occur on leaf undersides during humid conditions.","Improve airflow; reduce prolonged leaf wetness; avoid overhead irrigation where practical; remove severely affected leaves and maintain field sanitation.","Use a locally registered treatment labelled for downy mildew on pumpkin when warranted; follow the current product label.","Use healthy planting material, adequate spacing, sanitation and irrigation practices that reduce prolonged leaf wetness.","Reference guidance; confirm field severity","ICAR/TNAU"
"KA-035","Pumpkin","Healthy","Healthy","—","Leaves appear healthy without characteristic disease symptoms represented by this class.","Maintain balanced nutrition, irrigation, sanitation and regular crop scouting.","No disease treatment is indicated from this class alone.","Use healthy planting material and maintain integrated crop management.","Reference guidance; confirm field severity","ICAR/TNAU"
"KA-036","Rice","Bacterialblight","Bacterial Leaf Blight","Xanthomonas oryzae pv. oryzae","Water-soaked to yellowish lesions begin near leaf margins or tips and may extend along the leaf, eventually causing drying and blighting.","Use clean seed and healthy seedlings; maintain field sanitation; avoid excessive nitrogen; manage irrigation and drainage appropriately.","Follow locally recommended integrated bacterial-blight management; use only currently registered and labelled products where applicable.","Use resistant or tolerant varieties where available, healthy seed, balanced nitrogen management, field sanitation and appropriate water management.","Reference guidance; confirm field severity","ICAR/TNAU"
"KA-037","Rice","Blast","Blast","Magnaporthe oryzae","Spindle-shaped or diamond-shaped lesions with gray centers and darker margins may develop on leaves; neck and panicle infection can also occur.","Avoid excessive nitrogen; maintain balanced nutrition; monitor regularly; remove or manage infected crop residues and volunteer rice where practical.","Use a fungicide specifically registered and labelled for rice blast when warranted; follow the current product label and local recommendations.","Use resistant or tolerant varieties where available, healthy seed, balanced fertilization, appropriate spacing and timely disease monitoring.","Reference guidance; confirm field severity","ICAR/TNAU"
"KA-038","Rice","Brownspot","Brown Spot","Bipolaris oryzae","Small circular to oval brown lesions develop on leaves and may enlarge with gray or brown centers; severe infection can reduce plant vigour and grain quality.","Maintain balanced nutrition, especially adequate potassium; use clean seed; improve field sanitation and avoid prolonged crop stress.","Use a fungicide registered and labelled for rice brown spot when warranted; follow the current product label.","Use healthy seed, balanced fertilization, proper water management, field sanitation and suitable crop rotation where practical.","Reference guidance; confirm field severity","ICAR/TNAU"
"KA-039","Rice","Tungro","Tungro","Rice tungro virus complex","Plants may show yellow to orange-yellow leaf discoloration, stunting and reduced tillering; infected plants may mature unevenly.","Remove severely affected plants where practical; manage green leafhopper vectors according to local integrated pest-management recommendations; control volunteer rice and weeds.","There is no reliable curative treatment for virus-infected plants; management should focus on vector control and removal of infection sources.","Use resistant or tolerant varieties where available, healthy planting material, vector monitoring and management, and removal of volunteer rice.","Reference guidance; confirm field severity","ICAR/TNAU"
"KA-040","Ridge_Gourd","Downey Mildew","Downy Mildew","Pseudoperonospora spp.","Yellow to pale angular spots develop on ridge gourd leaves; under humid conditions, grayish to purplish growth may appear on the lower leaf surface.","Improve air circulation; reduce prolonged leaf wetness; avoid overhead irrigation where practical; remove severely affected leaves and maintain field sanitation.","Use a treatment specifically registered and labelled for downy mildew of ridge gourd when warranted; follow the current product label and local recommendations.","Use healthy planting material, adequate spacing, good field sanitation and irrigation practices that reduce prolonged leaf wetness.","Reference guidance; confirm field severity","ICAR/TNAU"
"KA-041","Ridge_Gourd","Healthy","Healthy","—","Leaves appear healthy without characteristic disease symptoms represented by this class.","Maintain balanced nutrition, irrigation, sanitation and regular crop scouting.","No disease treatment is indicated from this class alone.","Use healthy planting material and maintain integrated crop management.","Reference guidance; confirm field severity","ICAR/TNAU"
"KA-042","Sugarcane","Healthy","Healthy","—","Sugarcane plants appear healthy without characteristic disease symptoms represented by this class.","Maintain balanced nutrition, irrigation, weed management, sanitation and regular crop scouting.","No disease treatment is indicated from this class alone.","Use healthy disease-free planting material and maintain integrated crop management.","Reference guidance; confirm field severity","ICAR/TNAU"
"KA-043","Sugarcane","Mosaic","Mosaic","Sugarcane mosaic virus","Leaves show irregular light-green and dark-green mosaic or mottled patterns; infected plants may show reduced vigour and growth.","Remove severely infected plants where practical; control volunteer sugarcane and grass hosts; monitor fields regularly.","There is no reliable curative treatment for virus-infected sugarcane; management focuses on healthy planting material and reduction of infection sources and vectors.","Use certified healthy planting material, resistant or tolerant varieties where available, field sanitation and control of volunteer hosts.","Reference guidance; confirm field severity","ICAR/TNAU"
"KA-044","Sugarcane","RedRot","Red Rot","Colletotrichum falcatum","Leaves may yellow and dry; splitting an infected stalk can reveal characteristic reddish internal tissue with whitish patches or streaks.","Remove and destroy severely infected stalks and crop residues; maintain field sanitation; avoid planting infected setts and manage water stress appropriately.","Use only currently registered and labelled treatments where recommended; prioritize healthy planting material and integrated disease management.","Use disease-free seed cane or setts, resistant or tolerant varieties where available, field sanitation and proper crop rotation or fallow practices where locally appropriate.","Reference guidance; confirm field severity","ICAR/TNAU"
"KA-045","Sugarcane","Rust","Rust","Puccinia melanocephala / Puccinia kuehnii","Small yellowish to orange-brown or brown rust pustules develop on sugarcane leaves and may become more numerous as disease progresses.","Monitor fields regularly; remove or manage heavily infected material where practical; maintain field sanitation and use suitable varieties.","Use a fungicide specifically registered and labelled for sugarcane rust when treatment is warranted; follow the current product label.","Use resistant or tolerant varieties where available, healthy planting material, field sanitation and regular disease monitoring.","Reference guidance; confirm field severity","ICAR/TNAU"
"KA-046","Sugarcane","Yellow","Yellow Leaf Disease","Sugarcane yellow leaf virus-associated","Older leaves may develop yellowing, often beginning along the midrib; plants may show reduced vigour and premature leaf drying.","Monitor fields regularly; use healthy planting material; remove severely affected plants where practical; manage alternative hosts and vectors according to local recommendations.","There is no reliable curative treatment for virus-associated yellow leaf disease; management focuses on healthy planting material and integrated vector and source management.","Use healthy certified planting material, resistant or tolerant varieties where available, regular monitoring and field sanitation.","Reference guidance; confirm field severity","ICAR/TNAU"
"KA-047","Tomato","Tomato___Bacterial_spot","Bacterial Spot","Xanthomonas spp.","Small water-soaked or dark spots develop on leaves; lesions may enlarge and become brown or black. Fruit may develop raised, scabby spots.","Remove severely infected plant material; maintain field sanitation; avoid working with wet plants; improve airflow and avoid overhead irrigation where practical.","Use only products specifically registered and labelled for bacterial diseases of tomato when warranted; follow the current product label and local recommendations.","Use healthy seed and transplants, field sanitation, resistant varieties where available, crop rotation and practices that reduce prolonged leaf wetness.","Reference guidance; confirm field severity","ICAR/TNAU"
"KA-048","Tomato","Tomato___Early_blight","Early Blight","Alternaria solani","Brown to dark lesions develop on older leaves, often with characteristic concentric rings; surrounding foliage may yellow and dry.","Remove infected lower leaves and crop debris; improve airflow; avoid prolonged leaf wetness; use mulch and appropriate irrigation practices.","Use a fungicide specifically registered and labelled for early blight of tomato when warranted; follow the current product label and local recommendations.","Use healthy transplants, resistant or tolerant varieties where available, crop rotation, field sanitation, adequate spacing and irrigation practices that reduce leaf wetness.","Reference guidance; confirm field severity","ICAR/TNAU"
"KA-049","Tomato","Tomato___healthy","Healthy","—","Tomato plants appear healthy without characteristic disease symptoms represented by this class.","Maintain balanced nutrition, irrigation, sanitation and regular crop scouting.","No disease treatment is indicated from this class alone.","Use healthy seed and transplants and maintain integrated crop management.","Reference guidance; confirm field severity","ICAR/TNAU"
"KA-050","Tomato","Tomato___Late_blight","Late Blight","Phytophthora infestans","Water-soaked pale-green to dark lesions may develop on leaves and expand rapidly; white fungal-like growth may appear under humid conditions. Stems and fruit may also become infected.","Monitor frequently; remove severely infected foliage where practical; improve airflow; avoid prolonged leaf wetness; manage infected crop debris and volunteer plants.","Use a fungicide specifically registered and labelled for late blight of tomato when warranted; follow the current product label and local disease advisory.","Use healthy transplants, resistant or tolerant varieties where available, good field sanitation, crop rotation and irrigation practices that reduce prolonged leaf wetness.","Reference guidance; confirm field severity","ICAR/TNAU"
"KA-051","Tomato","Tomato___Leaf_Mold","Leaf Mold","Passalora fulva","Pale yellow or light-green spots develop on the upper leaf surface; olive-green to brown velvety growth may appear on the lower surface under humid conditions.","Improve greenhouse or field airflow; reduce humidity and prolonged leaf wetness; remove infected leaves and crop debris; avoid excessive plant density.","Use a fungicide specifically registered and labelled for tomato leaf mold when warranted; follow the current product label.","Use resistant varieties where available, adequate spacing, good ventilation, field sanitation and irrigation practices that reduce prolonged leaf wetness.","Reference guidance; confirm field severity","ICAR/TNAU"
"KA-052","Tomato","Tomato___Septoria_leaf_spot","Septoria Leaf Spot","Septoria lycopersici","Small circular spots with dark margins and pale centers develop mainly on older lower leaves; tiny dark fruiting structures may be visible within lesions.","Remove infected lower leaves and crop debris; improve airflow; avoid overhead irrigation; maintain field sanitation and appropriate crop rotation.","Use a fungicide specifically registered and labelled for Septoria leaf spot of tomato when warranted; follow the current product label.","Use healthy transplants, crop rotation, sanitation, adequate spacing, mulch and irrigation practices that reduce leaf wetness.","Reference guidance; confirm field severity","ICAR/TNAU"
"KA-053","Tomato","Tomato___Target_Spot","Target Spot","Corynespora cassiicola","Brown circular to irregular leaf lesions may develop with concentric rings resembling a target; severe infection can cause leaf yellowing and defoliation. Fruit may also develop sunken lesions.","Remove infected plant debris; improve airflow; avoid prolonged leaf wetness; monitor regularly and maintain field sanitation.","Use a fungicide specifically registered and labelled for target spot of tomato when warranted; follow the current product label.","Use healthy planting material, adequate spacing, crop rotation, field sanitation and irrigation practices that reduce prolonged leaf wetness.","Reference guidance; confirm field severity","ICAR/TNAU"
"KA-054","Tomato","Tomato___Tomato_mosaic_virus","Tomato Mosaic Virus Disease","Tomato mosaic virus","Leaves may show light- and dark-green mosaic patterns, mottling, distortion and reduced growth; fruit development and quality may also be affected.","Remove infected plants where practical; sanitize hands, tools and equipment; avoid handling healthy plants after infected plants; control volunteer tomato plants.","There is no reliable curative treatment for virus-infected plants; management focuses on removing infection sources and preventing mechanical spread.","Use certified virus-free seed and transplants, resistant varieties where available, clean tools and hands, field sanitation and removal of volunteer hosts.","Reference guidance; confirm field severity","ICAR/TNAU"
"KA-055","Tomato","Tomato___Tomato_Yellow_Leaf_Curl_Virus","Tomato Yellow Leaf Curl Virus Disease","Tomato yellow leaf curl virus complex","Young leaves become yellow and curl upward; plants may become severely stunted with reduced leaf size and poor fruit set.","Remove severely infected plants where practical; monitor and manage whitefly vectors according to local integrated pest-management recommendations; control volunteer tomato and weed hosts.","There is no reliable curative treatment for virus-infected plants; management focuses on vector management and removal of infection sources.","Use healthy planting material, resistant or tolerant varieties where available, monitor and manage whitefly vectors, maintain field sanitation and remove volunteer hosts.","Reference guidance; confirm field severity","ICAR/TNAU"
